"","population","perCapInc","PctPopUnderPov","pctUrban","HighCrime"
"1",0.19,0.4,0.19,1,0
"2",0,0.37,0.24,1,1
"3",0,0.27,0.27,0,0
"4",0.04,0.36,0.1,1,0
"5",0.01,0.43,0.06,0.9,0
"6",0.02,0.72,0.12,1,0
"7",0.01,0.47,0.11,0.81,0
"8",0.01,0.1,0.64,0,1
"9",0.03,0.23,0.45,1,1
"10",0.01,0.89,0.11,1,0
"11",0.13,0.33,0.18,1,0
"12",0.02,0.72,0.07,1,0
"13",0.03,0.78,0.07,1,0
"14",0.01,0.41,0.07,0.77,0
"15",0.04,0.79,0.18,1,0
"16",0.03,0.22,0.33,0,0
"17",0.15,0.29,0.48,1,0
"18",0.01,0.69,0.04,0.76,0
"19",0.02,0.34,0.22,0,0
"20",0,0.22,0.28,0.58,0
"21",0.25,0.29,0.34,1,0
"22",1,0.3,0.33,0.99,1
"23",0.01,0.2,0.58,0,0
"24",0.11,0.25,0.36,1,1
"25",0.02,0.08,0.63,0,0
"26",0,0.34,0.3,1,0
"27",0.06,0.32,0.25,1,1
"28",0.01,0.23,0.32,0,0
"29",0.01,0.25,0.57,0,0
"30",0,0.48,0.01,0,0
"31",0.01,0.25,0.45,0,0
"32",0.29,0.29,0.33,1,0
"33",0.04,0.17,1,1,0
"34",0.09,0.26,0.43,1,0
"35",0.03,0.8,0.06,1,0
"36",0.19,0.25,0.38,1,0
"37",0.03,0.46,0.1,1,0
"38",0.01,0.14,0.59,0,0
"39",0.02,0.18,0.48,0,0
"40",0.01,0.78,0.02,0,0
"41",0.01,0.31,0.1,0,0
"42",0.06,0.32,0.17,1,0
"43",0,0.16,0.54,1,1
"44",0.09,0.57,0.17,1,0
"45",0.02,0.59,0.07,1,0
"46",0.12,0.28,0.44,1,0
"47",0.03,0.3,0.18,0.68,0
"48",0,0.18,0.57,0,0
"49",0.04,0.45,0.18,1,0
"50",0.01,0.22,0.34,0,0
"51",0.06,0.26,0.43,1,0
"52",0.35,0.31,0.31,1,1
"53",0.04,0.33,0.13,1,0
"54",0.02,0.67,0.05,0.77,0
"55",0,0.18,0.43,1,0
"56",0.01,0.13,0.61,0,0
"57",0.16,0.43,0.16,1,0
"58",0,0.19,0.43,0,0
"59",0.24,0.38,0.3,0.99,1
"60",0,0.38,0.1,1,0
"61",0.01,0.49,0.08,1,0
"62",0.02,0.27,0.3,0,0
"63",0,0.18,0.5,0,0
"64",0.01,0.21,0.46,0,1
"65",0.02,0.21,0.44,0,0
"66",0.04,1,0.09,1,0
"67",0.07,0.26,0.37,1,1
"68",0.01,0.78,0.08,0.93,0
"69",0.05,0.21,0.4,1,1
"70",0,0.22,0.25,0,0
"71",0.04,0.79,0.04,1,0
"72",0.05,0.41,0.1,0,0
"73",0.04,0.24,0.44,1,0
"74",0.02,0.67,0.06,0.09,0
"75",0.08,0.36,0.18,1,0
"76",0.02,0.34,0.24,0.99,0
"77",0.02,0.2,0.39,1,0
"78",0.08,0.15,0.75,0.99,1
"79",0.14,0.17,0.57,1,1
"80",0.34,0.35,0.19,1,1
"81",0.29,0.42,0.28,1,0
"82",0.09,0.19,0.44,1,0
"83",0,0.15,0.52,0,1
"84",0.01,0.35,0.09,0.81,0
"85",0,0.11,0.82,0,0
"86",0,0.19,0.31,0,0
"87",0.02,0.32,0.2,0,0
"88",0.02,0.71,0.11,1,0
"89",0,0.17,0.49,0,0
"90",0.04,0.31,0.19,1,0
"91",0.02,0.36,0.27,0,1
"92",0.02,0.33,0.24,1,0
"93",0,0.72,0.11,0.66,0
"94",0,0.31,0.09,1,0
"95",0.04,0.33,0.22,1,0
"96",0.07,0.37,0.19,1,0
"97",0.03,0.27,0.49,0,0
"98",0.06,0.21,0.64,0,0
"99",0.01,0.44,0.03,0.63,0
"100",0.14,0.34,0.23,1,0
"101",0.11,0.19,0.42,1,0
"102",0,0.39,0.12,1,0
"103",0.18,0.38,0.28,1,0
"104",0.24,0.26,0.44,1,0
"105",0,0.2,0.31,0,0
"106",0.01,0.1,0.99,0,0
"107",0.05,0.33,0.73,1,0
"108",0.01,0.53,0.04,1,0
"109",0,0.21,0.58,0,0
"110",0.64,0.21,0.53,1,0
"111",0.06,0.4,0.24,1,1
"112",0.01,0.34,0.09,0.83,0
"113",0.02,0.48,0.09,0.74,0
"114",0.13,0.5,0.15,1,0
"115",0,0.23,0.43,1,1
"116",0.01,0.88,0.07,0,0
"117",0.16,0.23,0.43,1,1
"118",0.02,0.52,0.09,1,0
"119",0.03,0.47,0.17,1,0
"120",0.12,0.83,0.24,1,1
"121",0.06,0.4,0.19,1,0
"122",0.02,0.76,0.02,1,0
"123",0.03,0.33,0.08,1,0
"124",0,0.38,0.08,1,0
"125",0.02,0.31,0.2,0,0
"126",0.01,0.32,0.19,1,0
"127",0.05,0.46,0.06,0.96,0
"128",0.01,0.35,0.3,1,0
"129",0.03,0.18,0.4,1,1
"130",0,0.26,0.19,0,0
"131",0.02,0.18,0.85,0,0
"132",0,0.35,0.24,0,0
"133",0.01,0.15,0.42,0,0
"134",0.05,0.39,0.09,1,0
"135",0.1,0.47,0.11,1,0
"136",0.01,0.5,0.04,1,0
"137",0,0.57,0.08,0.5,0
"138",0.04,0.54,0.14,1,0
"139",0,0.23,0.45,0,0
"140",0.01,1,0.05,1,0
"141",0.03,0.43,0.12,1,0
"142",0.03,0.44,0.09,0.81,0
"143",0.03,0.16,0.61,1,0
"144",0.02,0.42,0.06,0,0
"145",0.06,0.27,0.26,1,0
"146",0.15,0.26,0.47,1,1
"147",0.34,0.25,0.7,1,1
"148",0.01,0.22,0.4,0,0
"149",0.01,0.21,0.43,0,1
"150",0.02,0.24,0.47,0,1
"151",0.12,0.21,0.49,1,0
"152",0.11,0.26,0.49,1,1
"153",0.01,0.33,0.19,1,0
"154",0.03,0.41,0.08,0.85,0
"155",0,0.17,0.66,0,1
"156",0.08,0.2,0.45,1,0
"157",0.02,1,0.1,1,0
"158",0.01,0.2,0.64,0,1
"159",0.14,0.4,0.27,1,0
"160",0,0.25,0.22,0,0
"161",0.01,0.17,0.59,0,0
"162",0.03,0.6,0.08,0.97,0
"163",0.04,0.46,0.09,1,0
"164",0.02,0.48,0.11,1,0
"165",0.01,0.75,0.05,1,0
"166",0.04,0.52,0.13,1,0
"167",0.04,0.16,1,0,0
"168",0.01,0.23,0.4,0,0
"169",0.02,0.27,0.41,0,0
"170",0.06,0.22,0.41,1,0
"171",0.07,0.23,0.61,1,0
"172",0,0.4,0.09,0,0
"173",0,0.21,0.3,0,0
"174",0.03,0.08,0.9,1,0
"175",0.11,0.27,0.42,1,1
"176",0.13,0.45,0.07,1,0
"177",0.02,0.52,0.04,0.91,0
"178",0.35,0.27,0.5,1,1
"179",0.01,0.27,0.36,0,0
"180",0,0.31,0.17,1,0
"181",0.03,0.22,0.4,0,0
"182",0,0.13,0.64,0,0
"183",0,0.17,0.58,0,0
"184",0,0.85,0.04,1,0
"185",0.07,0.46,0.09,0.96,0
"186",0.28,0.36,0.3,1,0
"187",0.11,0.45,0.12,1,0
"188",0.02,0.46,0.08,1,0
"189",0.01,0.62,0.06,1,0
"190",0.02,0.31,0.09,1,0
"191",0.01,0.35,0.19,1,0
"192",0.04,0.46,0.14,1,0
"193",0.02,0.09,1,0,0
"194",0.02,0.28,0.04,1,0
"195",0,0.23,0.06,1,0
"196",0,0.48,0.04,0.86,0
"197",0.01,0.34,0.1,0.69,0
"198",0.2,0.2,0.6,1,0
"199",0.09,0.27,0.37,1,0
"200",0.01,0.22,0.49,0,0
"201",0.03,0.28,0.16,1,0
"202",0,0.55,0.06,1,0
"203",0.01,0.18,0.3,1,0
"204",0.01,0.26,0.24,1,1
"205",0,0.33,0.14,0,0
"206",0.16,0.3,0.45,1,0
"207",0.2,0.58,0.12,1,0
"208",0,0.23,0.23,0,0
"209",0.03,0.52,0.1,1,0
"210",0,0.3,0.76,0,0
"211",0.01,0.37,0.16,1,0
"212",0,0.36,0.13,1,0
"213",0.03,0.35,0.27,1,1
"214",0.01,0.53,0.08,1,0
"215",0.01,0.32,0.18,0,0
"216",0.07,0.33,0.33,1,0
"217",0.03,0.26,0.23,0,0
"218",0,0.12,0.19,0,0
"219",0.07,0.21,0.5,1,0
"220",0.02,0.33,0.18,1,0
"221",0,0.22,0.28,0,0
"222",0.02,0.39,0.3,1,0
"223",0.07,0.19,0.55,1,0
"224",0,0.35,0.11,1,0
"225",0.04,0.25,0.24,0,0
"226",0,0.19,0.55,1,0
"227",0.02,0.17,0.68,0,1
"228",0.1,0.26,0.27,1,0
"229",0,0.14,0.67,0,1
"230",0.01,0.37,0.47,1,0
"231",0,0.2,0.33,0,0
"232",0,0.22,0.19,0.68,0
"233",0.02,0.24,0.5,0,0
"234",0.19,0.27,0.56,1,1
"235",0.03,0.39,0.07,0.84,0
"236",0.01,0.18,0.43,0,0
"237",0.03,0.21,0.25,1,0
"238",0.02,0.39,0.08,0.75,0
"239",0.05,0.31,0.2,1,0
"240",0.04,0.3,0.28,1,0
"241",0.03,0.73,0.06,0.83,0
"242",0.02,0.21,0.38,0,0
"243",0.11,0.27,0.46,1,0
"244",0.15,0.1,0.6,1,1
"245",0.02,0.2,0.4,0,0
"246",0.08,0.38,0.19,1,0
"247",0.08,0.31,0.24,1,1
"248",0.01,0.21,0.38,1,0
"249",0.05,0.24,0.58,1,1
"250",0.07,0.2,0.56,1,0
"251",0.62,0.4,0.28,1,1
"252",0.1,0.29,0.36,1,1
"253",0.02,0.68,0.03,1,0
"254",0,0.43,0.14,1,0
"255",0.01,0.51,0.05,1,0
"256",0.1,0.18,0.58,1,1
"257",0.01,0.13,0.71,0,0
"258",0,0.4,0.12,0.58,0
"259",0.01,0.18,0.45,0,0
"260",0,0.08,0.71,0,0
"261",0.02,0.24,0.26,0,1
"262",0.02,0.31,0.35,1,1
"263",0.31,0.3,0.55,1,1
"264",0.03,0.62,0.04,0.83,0
"265",0.03,0.32,0.11,0.8,0
"266",0.03,0.43,0.24,0,0
"267",0.28,0.26,0.48,1,0
"268",0.01,0.27,0.21,1,0
"269",0,0.13,0.72,0,0
"270",0.01,0.29,0.31,0,1
"271",0.03,0.42,0.11,0.94,0
"272",0.04,0.3,0.48,1,0
"273",0,0.39,0.33,1,0
"274",0.04,0.19,0.43,0,0
"275",0,0.34,0.09,0.64,0
"276",0.06,0.29,0.28,1,0
"277",0.02,0.16,0.59,1,0
"278",0.06,0.46,0.08,1,0
"279",0.01,0.27,0.17,0,0
"280",0.06,0.28,0.25,1,0
"281",0.01,0.19,0.59,0,0
"282",0.01,0.35,0.27,0.61,0
"283",0.01,0.27,0.28,1,0
"284",0.03,0.29,0.28,1,0
"285",0.01,0.34,0.21,1,0
"286",0.01,0.25,0.4,1,0
"287",0.03,0.38,0.38,1,1
"288",0,0.71,0.04,0.17,0
"289",0.02,0.24,0.44,0,1
"290",0.01,0.36,0.1,0.39,0
"291",0.02,0.26,0.22,0,0
"292",0,0.23,0.51,1,0
"293",0.01,0.43,0.03,0.89,0
"294",0.15,0.26,0.33,1,0
"295",0.02,0.34,0.27,0.93,0
"296",0.04,0.45,0.07,1,0
"297",0.67,0.36,0.44,1,1
"298",0.01,0.85,0,0.9,0
"299",0,0.19,0.34,0,0
"300",0.06,0.25,0.45,1,0
"301",0.02,0.24,0.25,0,0
"302",0,0.2,0.37,0,0
"303",0.01,0.26,0.45,1,0
"304",0.02,0.35,0.39,0,0
"305",0.02,0.25,0.22,1,0
"306",0.04,1,0.16,1,0
"307",0.09,0.27,0.42,1,0
"308",0.03,0.15,0.69,0,0
"309",0.03,0.62,0.04,0.93,0
"310",0.02,0.75,0.08,1,0
"311",0.01,0.26,0.13,1,0
"312",0.07,0.35,0.07,0.98,0
"313",0.08,0.38,0.22,1,0
"314",0.12,0.17,0.58,1,1
"315",0.01,0.48,0.08,1,0
"316",0.08,0.2,0.49,1,0
"317",0.01,0.2,0.44,0,0
"318",0.01,0.11,0.56,0,0
"319",0,0.3,0.13,1,0
"320",0.01,0.22,0.35,0,0
"321",0,0.19,0.45,0,0
"322",0.02,0.23,0.49,0,0
"323",0.02,0.25,0.3,0,0
"324",0.09,0.15,0.38,1,0
"325",0.08,0.34,0.23,1,0
"326",0.02,0.09,0.83,0,0
"327",0,0.2,0.43,0,0
"328",0.04,0.37,0.1,1,0
"329",0.01,0.26,0.37,1,0
"330",0.04,0.29,0.4,1,0
"331",0.05,0.31,0.1,1,0
"332",0.04,0.39,0.19,1,0
"333",0.03,0.88,0.03,1,0
"334",0.04,0.23,0.66,1,1
"335",0.01,0.17,0.58,0,0
"336",0.06,0.53,0.07,1,0
"337",0.12,0.11,0.79,1,0
"338",0.03,0.44,0.06,1,0
"339",0.07,0.37,0.15,1,0
"340",0,0.31,0.17,1,0
"341",0.11,0.42,0.12,0.95,0
"342",0,0.37,0.12,0,0
"343",0,0.44,0.09,0,0
"344",0.04,0.26,0.15,1,0
"345",0.01,0.27,0.25,1,0
"346",0.14,0.27,0.35,1,0
"347",0.81,0.45,0.32,1,1
"348",0.08,0.22,0.51,1,0
"349",0,0.56,0.05,1,0
"350",0.02,0.14,0.93,0,0
"351",0,0.53,0.05,0.89,0
"352",0.02,0.31,0.33,0,0
"353",0.02,0.23,0.32,0,0
"354",0.01,0.28,0.09,0.7,0
"355",0.09,0.16,0.23,1,0
"356",0.01,0.2,0.48,0,0
"357",0.06,0.41,0.11,1,0
"358",0.01,0.48,0.09,1,0
"359",0.01,0.17,0.42,0,0
"360",0,0.26,0.09,1,0
"361",0.02,0.25,0.39,0,0
"362",0.02,0.29,0.16,1,0
"363",0.41,0.17,0.66,0.99,1
"364",0,0.21,0.27,0,0
"365",0.02,0.27,0.17,1,0
"366",0.15,0.23,0.37,1,0
"367",0.16,0.19,0.51,1,0
"368",0.01,0.1,0.9,0,0
"369",0.07,0.14,1,1,0
"370",0.07,0.33,0.07,1,0
"371",0.03,0.23,0.58,1,1
"372",0.03,0.48,0.16,1,0
"373",0.01,0.31,0.07,0,0
"374",0.02,0.43,0.06,0.69,0
"375",0.01,0.34,0.49,0,1
"376",0.02,1,0.06,1,1
"377",0.03,0.72,0.05,0.71,0
"378",0.01,0.2,0.31,0,0
"379",0.02,0.71,0.21,1,0
"380",0.01,0.38,0.24,1,0
"381",0.11,0.2,0.51,1,0
"382",0.01,0.39,0.16,0,0
"383",0.02,0.6,0.05,1,0
"384",0,0.21,0.49,0,0
"385",0.16,0.24,0.42,1,1
"386",0,0.18,0.45,0,0
"387",0.08,0.27,0.18,1,0
"388",0,0.26,0.36,0,0
"389",0.17,0.28,0.21,1,1
"390",0.01,0.52,0.08,1,0
"391",0,1,0.09,1,0
"392",0.01,0.21,0.21,0,0
"393",0.03,0.22,0.31,1,0
"394",0.03,0.22,0.49,0,1
"395",0,0.92,0.02,1,0
"396",0.03,0.26,0.29,0,0
"397",0.14,0.04,1,1,0
"398",0.01,0.34,0.13,1,0
"399",0.01,0.3,0.32,1,0
"400",0.03,0.4,0.42,1,1
"401",0.07,0.23,0.47,1,1
"402",0.99,0.2,0.59,1,0
"403",0,0.16,0.55,1,0
"404",0,0.13,0.51,1,0
"405",0.01,0.21,0.51,0,1
"406",0.01,0.13,0.75,0,0
"407",0.01,0.3,0.22,1,0
"408",0.01,0.12,0.62,0.98,1
"409",0.06,0.25,0.48,1,1
"410",0.03,0.86,0.16,1,0
"411",0.04,0.16,0.78,1,1
"412",0.02,0.29,0.36,0,0
"413",0.01,0.26,0.27,0,0
"414",1,0.23,0.58,1,1
"415",0.02,0.38,0.1,0.64,0
"416",0,0.24,0.17,0,0
"417",0,0.25,0.19,0,0
"418",0,0.34,0.22,1,0
"419",0.01,0.42,0.11,0.07,0
"420",0.01,0.23,0.39,0,0
"421",0.03,0.21,0.65,1,1
"422",0.04,0.31,0.24,1,1
"423",0.01,0.45,0.08,1,0
"424",0.05,0.17,0.52,1,1
"425",0.01,0.45,0.05,0.87,0
"426",0.01,0.19,0.33,1,0
"427",0.01,0.39,0.05,0,0
"428",0.03,0.19,0.52,1,1
"429",0.03,0.23,0.39,0,1
"430",0.19,0.32,0.26,1,0
"431",0.02,0.39,0.16,0,0
"432",0.58,0.31,0.45,1,1
"433",0,0.45,0.11,1,0
"434",0.05,0.19,0.74,0,0
"435",0,0.34,0.09,0,0
"436",0,0.55,0.09,1,0
"437",0.06,0.21,0.31,0.97,0
"438",0.01,0.58,0.06,0.97,0
"439",0.43,0.43,0.14,1,0
"440",0.03,0.22,0.57,1,0
"441",0.01,0.31,0.1,1,0
"442",0.03,0.25,0.37,0,0
"443",0.01,0.18,0.5,0,0
"444",0.01,0.36,0.09,1,0
"445",0.08,0.25,0.64,0.99,1
"446",0.01,0.25,0.37,0,0
"447",0,0.18,0.44,0,1
"448",0.08,0.27,0.32,1,1
"449",0.02,1,0.04,1,0
"450",0.02,0.57,0.08,1,0
"451",0,0.13,0.71,0,1
"452",0.04,0.24,0.27,0,0
"453",0.03,0.2,0.3,1,0
"454",0.05,0.2,0.54,0,0
"455",0.15,0.17,0.76,1,1
"456",0.01,0.15,0.34,1,0
"457",0.03,0.33,0.11,1,0
"458",0.03,0.16,0.8,1,1
"459",0,0.24,0.23,0,0
"460",0.02,0.47,0.04,0,0
"461",0,0.18,0.63,0,1
"462",0.04,0.45,0.08,1,0
"463",0,0.13,0.46,1,1
"464",0.06,0.37,0.14,0,0
"465",0.27,0.25,0.46,1,0
"466",0,0.17,0.5,0,0
"467",0.01,0.87,0.07,1,0
"468",0.02,0.57,0.13,1,0
"469",0.03,0.25,0.14,1,0
"470",0,0.31,0.1,1,0
"471",0.1,0.3,0.31,1,0
"472",0.1,0.26,0.1,1,0
"473",0.03,0.23,0.49,1,1
"474",0.03,0.35,0.29,1,0
"475",0.01,0.2,0.67,0,0
"476",0.01,0.23,0.48,0,0
"477",0.04,0.21,0.46,1,0
"478",0.08,0.28,0.43,1,0
"479",0.01,0.29,0.2,0,0
"480",0.01,0.18,0.52,0,0
"481",0.01,0.2,0.26,1,0
"482",0.03,0.4,0.12,0,0
"483",0.03,0.23,0.63,0,1
"484",0.05,0.39,0.13,1,0
"485",0.04,0.59,0.08,0.92,0
"486",0.73,0.31,0.47,1,0
"487",0.04,0.41,0.19,1,0
"488",0.03,0.27,0.4,1,0
"489",0.02,0.18,0.53,0,0
"490",0.01,0.36,0.15,0.96,0
"491",0,0.63,0.02,1,0
"492",0.02,0.15,0.89,0,0
"493",0.01,0.98,0.02,0.9,0
"494",0.06,0.69,0.04,1,0
"495",0.02,0.1,0.88,0.98,0
"496",0,0.09,0.91,0,0
"497",0.11,0.62,0.12,1,0
"498",0.06,0.27,0.4,1,0
"499",0.01,0.31,0.09,0.79,0
"500",0.25,0.19,0.6,1,1
"501",0.04,0.45,0.12,1,0
"502",0.06,0.25,0.43,0,0
"503",0.03,0.5,0.12,1,0
"504",0,0.23,0.38,0,0
"505",0.07,0.26,0.29,1,0
"506",0.25,0.24,0.55,1,1
"507",0.1,0.19,0.52,1,0
"508",0.07,0.41,0.16,1,0
"509",0,0.13,0.64,0,0
"510",0,0.21,0.33,0,0
"511",0.05,0.22,0.2,1,0
"512",0.11,0.24,0.33,1,0
"513",0.02,0.25,0.52,0,0
"514",0.17,0.42,0.21,1,0
"515",0.04,0.39,0.28,0,0
"516",0,0.56,0.02,0.98,0
"517",0.04,0.4,0.12,1,0
"518",0.02,0.21,0.38,0,0
"519",0.01,0.24,0.34,0,0
"520",0,0.26,0.25,0,0
"521",0.09,0.4,0.12,1,0
"522",0.05,0.37,0.18,1,0
"523",1,0.27,0.45,1,0
"524",0,0.26,0.5,0,0
"525",0.03,0.19,0.36,0,0
"526",0.6,0.3,0.36,1,1
"527",0.01,0.14,0.84,0,0
"528",0,0.21,0.43,0,0
"529",0.08,0.18,0.3,1,1
"530",0,0.35,0.18,0.87,0
"531",0,0.54,0.05,1,0
"532",0.04,0.28,0.2,0,0
"533",0.52,0.23,0.5,1,0
"534",0.02,0.5,0.11,1,0
"535",0,0.19,0.31,1,0
"536",0.01,0.3,0.19,1,0
"537",0.02,0.3,0.1,0,0
"538",0,0.37,0.12,0.9,0
"539",0.01,0.43,0.09,1,0
"540",0.01,0.2,0.62,0,1
"541",0.08,0.37,0.13,1,0
"542",0.05,0.48,0.1,1,0
"543",0.01,0.46,0.15,0.98,0
"544",0.01,0.58,0.05,0.91,0
"545",0.08,0.2,0.48,1,0
"546",0.01,0.21,0.27,1,1
"547",0.01,0.38,0.17,1,0
"548",0.03,0.34,0.08,0.97,0
"549",0.03,0.56,0.07,1,0
"550",0.01,0.25,0.34,1,0
"551",0.02,0.48,0.06,1,0
"552",0.01,0.19,0.41,1,0
"553",0.12,0.29,0.17,1,1
"554",0.16,0.76,0.15,1,0
"555",0.02,0.55,0.06,0,0
"556",0.02,0.18,0.67,0,1
"557",0.02,0.24,0.27,0,0
"558",0.47,0.32,0.32,1,0
"559",0.04,0.45,0.16,1,0
"560",0.02,0.71,0.11,1,0
"561",0.01,0.21,0.62,1,1
"562",0,0.35,0.11,0,0
"563",0.05,0.7,0.1,1,0
"564",0.04,0.23,0.49,1,0
"565",1,0.38,0.5,1,1
"566",0.04,0.23,0.37,0,0
"567",0.03,0.24,0.46,0,0
"568",0.1,0.42,0.12,1,0
"569",0.4,0.23,0.53,1,0
"570",0.02,0.19,0.4,1,0
"571",0.07,0.56,0.08,1,0
"572",0.02,0.72,0.11,1,0
"573",0.11,0.37,0.16,1,0
"574",0.03,0.14,1,1,0
"575",0.02,0.34,0.12,0.95,0
"576",0.01,0.47,0.06,1,0
"577",0.01,0.45,0.08,0.93,0
"578",0.02,0.55,0.04,1,0
"579",0.05,0.28,0.22,1,0
"580",0.01,0.33,0.19,1,0
"581",0,0.27,0.13,0,0
"582",0,0.62,0.06,1,0
"583",0.01,0.17,0.51,0,0
"584",0.01,0.19,0.45,0,0
"585",0.1,0.66,0.05,1,0
"586",0.01,0.44,0.11,0.79,0
"587",0.11,0.18,0.73,1,1
"588",0,0,1,0,1
"589",0.11,0.35,0.17,1,0
"590",0.03,0.22,0.56,0,0
"591",0.01,0.1,0.89,0,0
"592",0.07,0.2,0.72,1,1
"593",0.04,0.79,0.01,1,0
"594",0,0.47,0.06,1,0
"595",0.02,0.56,0.05,1,0
"596",0.03,0.2,0.38,1,0
"597",0.06,0.66,0.19,1,0
"598",0.07,0.35,0.22,1,0
"599",0.05,0.28,0.32,1,0
"600",0,0.14,0.81,0,0
"601",1,0.38,0.51,1,1
"602",0.04,0.35,0.32,1,0
"603",0,0.29,0.36,0,0
"604",0.07,0.94,0.11,0.99,0
"605",0.04,0.2,0.43,1,1
"606",0.01,0.28,0.13,1,0
"607",0,0.27,0.53,0,0
"608",0.03,0.27,0.2,1,0
"609",0.02,0.19,0.44,1,1
"610",0.02,0.82,0.03,0.94,0
"611",0.09,0.5,0.19,1,0
"612",0.04,0.17,0.56,1,0
"613",0.16,0.28,0.24,0.99,0
"614",0.05,0.38,0.3,1,0
"615",0,0.16,0.54,0,0
"616",0.01,0.3,0.28,1,1
"617",0.01,0.36,0.13,1,0
"618",0.07,0.25,0.35,1,0
"619",0.01,0.19,0.55,0,0
"620",0.05,1,0.07,1,0
"621",0.01,0.22,0.56,0,0
"622",0.07,0.22,0.5,1,0
"623",0,0.39,0.12,0,0
"624",0.05,0.46,0.16,1,0
"625",0.07,0.17,0.67,1,0
"626",0.06,0.28,0.26,1,0
"627",0.01,0.32,0.19,0,0
"628",0.02,0.31,0.19,0,0
"629",0.01,0.28,0.39,0,0
"630",0.01,0.46,0.1,1,0
"631",0.17,0.13,0.79,1,1
"632",0.13,0.2,0.47,1,1
"633",0.01,0.28,0.29,0,0
"634",0.01,0.12,0.6,1,0
"635",0,0.19,0.66,0,0
"636",0.03,0.4,0.11,1,0
"637",0.02,0.08,0.95,1,0
"638",0.13,0.28,0.35,1,1
"639",0.08,0.8,0.13,1,0
"640",0.14,0.29,0.22,1,0
"641",0,0.11,0.6,0,0
"642",0.21,0.2,0.73,1,1
"643",0,0.23,0.18,1,1
"644",0.04,0.32,0.12,1,0
"645",0.01,0.65,0.09,0.72,0
"646",0,0.22,0.19,1,0
"647",0,0.01,1,1,0
"648",0,0.62,0.05,1,0
"649",0.03,0.26,0.35,1,0
"650",0,0.24,0.27,1,0
"651",0.01,0.15,0.86,0,0
"652",0.04,0.56,0.08,1,0
"653",0.02,0.61,0.02,0.86,0
"654",0.01,0.44,0.07,0.78,0
"655",0.01,0.27,0.31,0,0
"656",0.03,0.45,0.09,1,0
"657",0,0.17,0.62,0,0
"658",0.03,1,0.02,1,0
"659",0.06,0.7,0.13,1,0
"660",0.01,0.21,0.22,0,0
"661",0.02,0.04,0.99,1,0
"662",0.02,0.5,0.05,1,0
"663",0.32,0.4,0.3,1,0
"664",0.7,0.27,0.46,1,1
"665",0.01,0.22,0.47,0,0
"666",0.08,0.73,0.13,1,0
"667",0.01,0.24,0.17,1,0
"668",0.62,0.35,0.73,1,1
"669",0.04,0.06,0.7,1,0
"670",0.91,0.36,0.49,1,1
"671",0.03,0.23,0.49,1,0
"672",0,0.42,0.07,0.86,0
"673",0.05,0.15,0.17,0.99,0
"674",0.01,0.13,0.59,1,1
"675",0.14,0.25,0.42,1,0
"676",0.14,0.11,0.77,1,1
"677",0.23,0.25,0.48,1,1
"678",0.01,0.41,0.17,1,0
"679",0,0.27,0.55,1,1
"680",0.04,0.45,0.03,1,0
"681",0.01,0.28,0.26,1,0
"682",0.13,0.29,0.33,1,0
"683",1,0.24,0.54,1,1
"684",0.01,0.36,0.14,1,0
"685",0.05,0.21,0.48,1,0
"686",0.02,0.58,0.03,0.84,0
"687",0.03,0.3,0.34,0,0
"688",0.07,0.07,0.64,1,1
"689",0.07,0.22,0.53,1,1
"690",0.05,0.83,0.07,1,0
"691",0,0.37,0.06,1,0
"692",0.15,0.2,0.47,1,1
"693",0.07,0.12,0.56,1,1
"694",0.06,0.18,0.89,1,0
"695",0.01,0.22,0.43,0,0
"696",1,0.38,0.47,1,1
"697",0.04,0.72,0.03,0.98,0
"698",0.04,0.18,0.44,0,0
"699",0.18,0.25,0.37,1,1
"700",0.05,0.03,0.69,1,1
"701",0.05,0.2,0.41,1,0
"702",0.03,0.21,0.38,0,0
"703",0,0.16,0.52,0,0
"704",0,0.3,0.09,0.33,0
"705",0.09,1,0.14,1,0
"706",0,0.45,0.16,0.91,0
"707",0.02,0.16,0.51,0,0
"708",0.01,0.18,0.53,0,0
"709",0.02,0.69,0.25,1,0
"710",0,0.43,0.07,1,0
"711",0.01,0.39,0.1,1,0
"712",0.1,0.19,0.55,1,1
"713",0.02,0.32,0.05,0.98,0
"714",0.01,0.24,0.47,0,0
"715",0,0.17,0.59,0,0
"716",0.02,0.6,0.1,0.81,0
"717",0.05,0.38,0.19,1,0
"718",0.05,0.33,0.11,1,0
"719",0.02,0.27,0.37,0,0
"720",0.02,0.58,0.07,1,0
"721",0.03,0.36,0.16,1,0
"722",0.03,0.79,0.08,1,0
"723",0.01,0.49,0.15,1,0
"724",0.03,0.29,0.34,1,1
"725",0.01,0.3,0.25,0,0
"726",0.03,0.8,0.13,1,0
"727",0.13,0.09,0.73,1,1
"728",0.16,0.22,0.65,1,0
"729",0.01,0.24,0.26,0,0
"730",0.13,0.4,0.2,1,0
"731",0.01,0.29,0.22,1,0
"732",0,0.56,0.29,1,1
"733",0.01,0.12,0.8,1,1
"734",0.02,0.2,0.34,1,0
"735",0.01,0.36,0.07,1,0
"736",0.01,0.19,0.78,0,0
"737",0,0.27,0.32,1,0
"738",0,0.26,0.51,0.78,0
"739",0.09,0.33,0.37,1,0
"740",0.19,0.57,0.07,1,0
"741",0.16,0.7,0.18,1,0
"742",0.01,0.35,0.15,0.05,0
"743",0.01,0.23,0.51,0,1
"744",0.03,0.31,0.33,0,0
"745",0.03,0.9,0.04,1,0
"746",0.02,0.49,0.24,1,0
"747",0.01,0.17,0.38,0,0
"748",0.12,0.38,0.11,1,0
"749",0,0.3,0.13,1,0
"750",0,0.51,0.08,1,0
"751",0.03,0.08,1,0,0
"752",0.02,0.41,0.1,1,0
"753",0.07,0.22,0.5,1,0
"754",0.02,0.17,0.57,0,0
"755",0,0.48,0.13,1,0
"756",0.05,0.26,0.36,1,0
"757",0.01,0.31,0.1,1,0
"758",0,0.25,0.79,1,0
"759",0.02,0.31,0.2,1,0
"760",0.03,0.43,0.11,1,0
"761",0.03,0.1,1,0,0
"762",0.02,0.27,0.34,0,0
"763",0.01,0.41,0.03,0.98,0
"764",0,0.26,0.33,0,0
"765",0.01,0.41,0.09,0.97,0
"766",0,0.32,0.06,0.85,0
"767",0.07,0.22,0.58,1,0
"768",0.01,0.32,0.36,1,0
"769",0.02,0.23,0.5,0,0
"770",0.03,0.15,0.71,0,0
"771",0.07,0.27,0.45,1,1
"772",0,0.74,0.03,0.47,0
"773",0.03,0.18,0.58,0,0
"774",0.01,0.23,0.5,0,0
"775",0.02,0.18,0.39,0,0
"776",0,0.29,0.25,1,0
"777",0.1,0.25,0.47,1,1
"778",0.09,0.25,0.39,1,0
"779",0.03,0.28,0.2,1,0
"780",0,0.16,0.55,0,0
"781",0.12,0.28,0.38,1,0
"782",0.06,0.21,0.55,1,1
"783",0.01,0.24,0.28,1,0
"784",0.08,0.15,0.74,1,1
"785",0.06,0.58,0.04,1,0
"786",0.01,0.38,0.11,1,0
"787",0.14,0.51,0.27,1,0
"788",0.03,0.31,0.17,0.87,0
"789",0.02,0.72,0.05,1,0
"790",0.01,0.53,0.03,1,0
"791",0.04,0.52,0.17,1,0
"792",0.03,0.24,0.56,0,0
"793",0.01,0.48,0.05,1,0
"794",0.09,0.57,0.08,1,0
"795",0.01,0.21,0.38,0,0
"796",0.08,0.26,0.22,1,0
"797",0,0.29,0.12,1,0
"798",0.01,0.21,0.46,0,0
"799",0.02,0.22,0.35,0,0
"800",0.03,0.51,0.13,0,0
"801",0,0.43,0.04,0.86,0
"802",0.03,0.38,0.19,1,0
"803",0.02,0.42,0.13,1,0
"804",0,0.1,0.88,0,1
"805",0.02,0.2,0.56,0,0
"806",0.01,0.28,0.2,1,0
"807",0.01,0.3,0.21,1,0
"808",0.04,0.36,0.25,0,0
"809",0.44,0.3,0.28,1,0
"810",0.01,0.05,1,0,0
"811",0,0.1,0.98,0,1
"812",0.09,0.34,0.2,1,0
"813",0.04,0.35,0.34,1,0
"814",0.02,0.3,0.24,1,0
"815",0,0.16,0.89,0,0
"816",0.13,0.54,0.08,1,0
"817",0.01,0.39,0.06,1,0
"818",0,0.52,0.13,0,0
"819",0,0.38,0.09,0.65,0
"820",0.01,0.14,0.88,0,0
"821",0.02,0.45,0.15,0.86,0
"822",0.05,0.17,0.96,1,0
"823",0,0.19,0.35,0,0
"824",0.03,0.44,0.12,0.99,0
"825",0.01,0.58,0.09,0.85,0
"826",0.01,0.91,0.07,0.79,0
"827",0.01,0.43,0.14,1,0
"828",0,0.63,0.13,1,0
"829",0.02,0.27,0.45,1,1
"830",0.05,0.23,0.34,0,0
"831",0.04,0.28,0.21,1,0
"832",0.03,0.5,0.03,1,0
"833",0.01,0.37,0.13,0.6,0
"834",0.03,0.37,0.06,1,0
"835",0,0.75,0.09,1,0
"836",0.02,0.18,0.33,0,0
"837",0.02,0.21,0.64,1,1
"838",0.05,0.64,0.17,1,0
"839",0.08,1,0.06,0.87,0
"840",0,0.34,0.06,0.28,0
"841",0.15,0.31,0.19,1,0
"842",0.02,0.18,0.5,1,1
"843",0.04,0.4,0.12,1,0
"844",0.12,0.22,0.35,1,1
"845",0.05,0.26,0.24,1,0
"846",0.16,0.21,0.41,1,1
"847",0.01,0.23,0.46,0,0
"848",0.04,0.24,0.4,0,0
"849",0.02,0.31,0.14,1,0
"850",0.03,1,0.02,1,0
"851",0.06,0.35,0.68,1,0
"852",0,0.43,0.07,0,0
"853",0,0.19,0.48,0,0
"854",0,0.55,0.04,1,0
"855",0.06,0.14,0.8,1,0
"856",0,0.2,0.58,0,1
"857",0.06,0.22,0.45,0,0
"858",0.04,0.23,0.62,0,1
"859",0.06,0.15,0.57,1,1
"860",0.02,0.11,0.76,0,0
"861",0.01,0.35,0.15,1,0
"862",0,0.05,1,0,0
"863",0.01,0.25,0.33,0,0
"864",0.02,0.32,0.12,1,0
"865",0.02,0.02,1,0,0
"866",0.01,0.15,0.49,1,0
"867",0.05,0.22,0.43,1,1
"868",0.07,0.38,0.34,1,1
"869",0.23,0.39,0.27,1,0
"870",0.12,0.22,0.7,1,1
"871",0.03,0.21,0.37,1,1
"872",0.04,0.16,0.57,0,0
"873",0.01,0.52,0.05,1,0
"874",0.01,0.48,0.01,1,0
"875",0.05,0.37,0.37,1,0
"876",0.02,0.51,0.1,1,0
"877",0.01,0.2,0.54,0,0
"878",0.05,0.38,0.42,1,0
"879",0.01,0.29,0.19,1,0
"880",0.01,0.16,0.52,0,0
"881",0.02,0.26,0.29,0,0
"882",0,0.29,0.09,1,0
"883",0.07,0.68,0.05,1,0
"884",0.04,0.18,0.6,0,0
"885",0.02,0.24,0.24,1,0
"886",0.11,0.44,0.19,1,0
"887",0.14,0.37,0.19,1,0
"888",0.01,0.44,0.16,1,0
"889",0.02,0.56,0.02,1,0
"890",0.06,0.42,0.17,1,0
"891",0.07,0.82,0.22,1,0
"892",0.01,0.49,0.06,0.96,0
"893",0,0.42,0.06,1,0
"894",0.01,0.16,0.61,0,0
"895",0.03,0.18,0.44,0,0
"896",0.01,0.5,0.1,0.99,0
"897",0.01,0.14,0.29,0,0
"898",0.04,0.33,0.31,1,0
"899",0.01,0.18,0.5,0,1
"900",0.04,0.22,0.41,1,0
"901",0.02,0.42,0.11,0.79,0
"902",0.01,0.36,0.08,1,0
"903",0.02,0.37,0.22,0,1
"904",0.01,0.41,0.34,0,0
"905",0.1,0.65,0.04,1,0
"906",0.03,0.41,0.09,0,0
"907",0.16,0.34,0.25,1,0
"908",0.01,0.54,0.14,1,0
"909",0.01,0.33,0.18,1,0
"910",0.68,0.3,0.4,1,1
"911",0,0.94,0.03,0.68,0
"912",0,0.25,0.14,1,0
"913",0.01,0.48,0.08,0.76,0
"914",0.04,0.54,0.21,1,0
"915",0.04,0.14,0.57,1,0
"916",0,0.45,0.11,0,0
"917",0.08,0.75,0.08,1,0
"918",0,0.08,0.97,0,1
"919",0.06,0.21,0.4,1,0
"920",0.19,0.63,0.14,0.97,0
"921",0,0.38,0.3,1,0
"922",0.01,0.98,0.02,0.91,0
"923",0.01,0.31,0.14,0.76,0
"924",0.06,0.47,0.14,1,0
"925",0,0.14,0.61,0,0
"926",0.01,0.21,0.39,0,0
"927",0.06,0.66,0.2,1,0
"928",0,0.18,0.48,0,0
"929",0.02,0.19,0.58,0,0
"930",0.04,0.46,0.11,1,0
"931",0.01,0.35,0.1,0.83,0
"932",0.02,0.23,0.37,0,0
"933",0.03,0.98,0.11,1,0
"934",0.02,0.44,0.06,1,0
"935",0.01,0.42,0.14,1,0
"936",0.02,0.61,0.06,0.75,0
"937",0.02,0.41,0.17,1,0
"938",0,0.67,0.03,0.95,0
"939",0.03,0.21,0.38,0,0
"940",0,0.37,0.1,1,0
"941",0.01,0.21,0.44,0,0
"942",0.01,0.25,0.36,0,0
"943",0.02,0.43,0.16,1,0
"944",0.02,1,0.06,0.94,0
"945",0.03,0.25,0.17,0,0
"946",0.57,0.25,0.65,1,1
"947",0.03,0.47,0.09,1,0
"948",0.06,0.24,0.71,1,1
"949",0.02,0.15,0.31,1,0
"950",0.03,0.58,0.09,1,0
"951",0,0.39,0.14,0.6,0
"952",0.01,0.19,0.37,0,0
"953",0.01,0.16,0.66,0,1
"954",0,0.41,0.39,1,1
"955",0.01,0.29,0.3,1,0
"956",0.04,0.02,1,1,1
"957",0,0.21,0.21,0.47,0
"958",0.04,0.66,0.29,1,1
"959",0.03,0.14,0.52,0,0
"960",0.27,0.23,0.49,0.97,0
"961",0.01,0.24,0.27,1,0
"962",0.11,0.22,0.71,1,1
"963",0,0.24,0.18,0,0
"964",0.01,0.51,0.06,0.79,0
"965",0.01,0.66,0.05,0.84,0
"966",0.03,0.32,0.22,1,0
"967",0.17,0.26,0.56,1,1
"968",0.03,0.33,0.15,0.98,0
"969",0.01,0.3,0.15,1,0
"970",0,0.31,0.39,0,0
"971",0.8,0.14,0.76,1,1
"972",0,0.61,0.06,0.81,0
"973",0.01,0.24,0.29,0,0
"974",0.06,0.33,0.32,1,1
"975",0.06,0.46,0.09,1,0
"976",0,0.35,0.15,1,0
"977",0.02,0.18,0.62,1,1
"978",0,0.1,0.63,1,0
"979",0.24,0.23,0.61,1,0
"980",0.02,0.28,0.33,0,0
"981",0.01,0.24,0.23,1,0
"982",0.01,0.23,0.42,0,0
"983",0.01,0.19,0.57,0,0
"984",0.02,0.31,0.18,0.87,0
"985",0.04,0.39,0.16,1,0
"986",0.01,0.52,0.03,0.85,0
"987",0.07,0.33,0.16,1,0
"988",0.01,0.76,0.03,1,0
"989",0.02,0.71,0.05,0.95,0
"990",0.01,0.17,0.38,0,0
"991",0,0.25,0.3,0,0
"992",0.05,0.21,0.63,0,0
"993",0,0.24,0.31,1,0
"994",0,0.18,0.32,0,0
"995",0,0.56,0.25,0,0
"996",0.01,0.2,0.34,1,0
"997",0.02,0.26,0.22,0,0
"998",0,0.17,0.44,0,0
"999",0.08,0.07,0.58,1,1
"1000",0.02,0.48,0.11,0,0
"1001",0.08,0.33,0.15,1,0
"1002",0.02,0.24,0.55,0.98,1
"1003",0.07,0.4,0.23,1,0
"1004",0.07,0.29,0.44,1,0
"1005",0.2,0.32,0.39,1,0
"1006",0.01,0.47,0.04,1,0
"1007",0.28,0.16,0.71,1,1
"1008",0.03,0.38,0.07,1,0
"1009",0.03,0.38,0.32,1,0
"1010",0.01,0.49,0.07,1,0
"1011",0.01,0.6,0.05,0,0
"1012",0.04,0.14,0.56,1,0
"1013",0.03,0.27,0.4,1,0
"1014",0.01,0.83,0.04,1,0
"1015",0.01,0.45,0.24,1,0
"1016",0.05,0.32,0.25,1,0
"1017",0.02,0.23,0.31,0,0
"1018",0.06,0.46,0.12,1,0
"1019",0.17,0.59,0.11,1,0
"1020",0.03,1,0.03,0.93,0
"1021",0.04,0.12,0.76,0,0
"1022",0,0.15,0.55,1,0
"1023",0.08,0.49,0.12,1,0
"1024",0,0.23,0.19,1,0
"1025",0,0.26,0.23,0,0
"1026",0.02,0.15,0.61,0,1
"1027",0.01,0.42,0.19,0,0
"1028",0,0.72,0.03,0.91,0
"1029",0.09,0.25,0.59,1,0
"1030",0.81,0.15,0.67,1,0
"1031",0.02,0.25,0.26,1,0
"1032",0.01,0.37,0.08,0.52,0
"1033",0.04,0.33,0.11,0.88,0
"1034",0.07,0.3,0.2,1,0
"1035",0,0.05,0.34,0,0
"1036",0.03,0.54,0.05,0.88,0
"1037",0,0.85,0.05,1,0
"1038",0.09,0.52,0.15,1,0
"1039",0.01,0.19,0.75,0,0
"1040",0,0.21,0.52,0,1
"1041",0.01,0.2,0.42,0,0
"1042",0.1,0.42,0.42,1,1
"1043",0,0.24,0.23,0,0
"1044",0.01,0.88,0.06,0.89,0
"1045",0.96,0.47,0.44,1,1
"1046",0,0.38,0.1,1,0
"1047",0,0.31,0.08,0,0
"1048",0.03,0.79,0.06,1,0
"1049",0.03,0.5,0.05,0.91,0
"1050",0,0.17,0.44,1,0
"1051",0.29,0.34,0.42,1,0
"1052",0.03,0.23,0.52,1,0
"1053",0,0.18,0.48,1,0
"1054",0.01,0.13,0.69,1,0
"1055",0.01,0.35,0.25,1,0
"1056",0.16,0.33,0.29,1,0
"1057",0.1,0.3,0.36,1,1
"1058",0.01,0.42,0.06,1,0
"1059",0.2,0.31,0.25,1,0
"1060",0.02,0.72,0.18,1,0
"1061",1,0.4,0.24,1,0
"1062",0.12,0.82,0.1,1,0
"1063",0.01,0.6,0.15,1,0
"1064",0.01,0.22,0.41,0,0
"1065",0.01,0.14,0.42,1,0
"1066",0,0.02,0.99,0,0
"1067",0.05,0.53,0.07,1,0
"1068",0,0.5,0.16,0.93,0
"1069",0,0.41,0.13,1,0
"1070",0.24,0.29,0.43,1,0
"1071",0.01,0.51,0.14,1,0
"1072",0.06,0.17,0.43,1,0
"1073",0.14,0.46,0.08,1,0
"1074",0.03,0.13,0.72,0,1
"1075",0.01,0.43,0.18,1,0
"1076",0,0.21,0.28,0,0
"1077",0.02,0.8,0.05,0.76,0
"1078",0.01,0.24,0.38,0,0
"1079",0.03,0.95,0.08,1,0
"1080",0.01,0.32,0.24,0.94,0
"1081",0,0.22,0.31,1,0
"1082",0.08,0.19,0.84,1,0
"1083",0,0.24,0.08,1,0
"1084",0.01,0.2,0.37,0,0
"1085",0,0.33,0.05,1,0
"1086",0.05,0.23,0.63,0,0
"1087",0.12,0.42,0.5,1,0
"1088",0.03,0.64,0.08,0.94,0
"1089",0.09,0.3,0.13,1,0
"1090",0.01,0.6,0.05,1,0
"1091",0.05,0.38,0.17,1,0
"1092",0.07,0.27,0.28,1,0
"1093",0.01,0.25,0.16,0,0
"1094",0.01,0.25,0.31,1,1
"1095",0.02,0.23,0.33,1,0
"1096",0.01,0.29,0.41,0,0
"1097",0,0.25,0.3,0,0
"1098",0,0.43,0.08,1,0
"1099",0,0.3,0.21,0,0
"1100",1,0.2,0.6,1,0
"1101",0.02,0.48,0.1,1,0
"1102",0.03,1,0.02,1,0
"1103",0.02,0.35,0.12,0.91,0
"1104",0,0.1,0.71,1,0
"1105",0.06,0.22,0.32,1,0
"1106",0.01,0.17,0.62,0,0
"1107",0.04,0.28,0.28,0,0
"1108",0,0.27,0.29,0.98,0
"1109",0.14,0.27,0.58,1,0
"1110",0,0.42,0.09,0.72,0
"1111",0.01,0.21,0.46,0,0
"1112",0.05,0.6,0.08,0.95,0
"1113",0.01,0.6,0.05,1,0
"1114",0.02,0.37,0.08,1,0
"1115",0.02,1,0.07,1,0
"1116",0.06,0.35,0.15,0.98,0
"1117",0.01,0.18,0.61,0,0
"1118",0.02,0.37,0.11,0.6,0
"1119",0.01,0.33,0.1,1,0
"1120",0.04,0.11,0.79,0.99,1
"1121",0.26,0.51,0.1,1,0
"1122",0.03,0.59,0.07,0.98,0
"1123",0.11,0.29,0.39,0.93,0
"1124",0,0.4,0.12,1,0
"1125",0.01,1,0.14,0,0
"1126",0,0.22,0.7,0,1
"1127",0.09,0.59,0.15,1,0
"1128",0.01,1,0.07,1,0
"1129",0.13,0.47,0.21,1,0
"1130",0.02,0.25,0.38,0,0
"1131",0.01,0.43,0.12,1,0
"1132",0,0.68,0.13,1,0
"1133",0.02,0.31,0.14,1,0
"1134",0.02,0.35,0.04,1,0
"1135",0.56,0.16,0.83,1,1
"1136",0.02,0.26,0.48,1,0
"1137",0.09,0.23,0.55,1,0
"1138",0,0.55,0.03,1,0
"1139",0.05,0.45,0.11,1,0
"1140",0.04,0.37,0.17,0,0
"1141",0,0.22,0.28,1,0
"1142",0.06,0.48,0.08,1,0
"1143",0.03,0.28,0.35,1,1
"1144",0.02,0.31,0.11,0.5,0
"1145",0.02,0.38,0.18,0,0
"1146",0.02,0.28,0.26,1,0
"1147",0.02,0.02,0.73,1,1
"1148",0.01,0.32,0.15,0,0
"1149",0,0.75,0.05,1,0
"1150",0.01,0.15,0.92,0,1
"1151",0.06,0.65,0.07,1,0
"1152",0.14,0.2,0.44,1,1
"1153",0.02,0.3,0.19,1,0
"1154",0.03,0.11,0.72,1,0
"1155",0.05,0.13,0.67,1,1
"1156",0.02,0.47,0.08,0,0
"1157",0.1,0.27,0.36,1,0
"1158",0.04,0.24,0.37,1,0
"1159",0,1,0.07,1,0
"1160",0.58,0.33,0.5,1,1
"1161",0.01,0.12,0.59,0,0
"1162",0,0.45,0.21,0,0
"1163",0.01,0.39,0.21,0,0
"1164",0.04,0.59,0.02,0.98,0
"1165",0.2,0.27,0.28,1,0
"1166",0.03,0.22,0.49,0.99,0
"1167",0,0.19,0.52,0,0
"1168",0,0.81,0.12,1,0
"1169",0.01,0.17,0.49,0,0
"1170",0.16,0.31,0.21,1,1
"1171",0,0.15,0.84,0,1
"1172",0.12,0.11,0.46,1,0
"1173",0.01,0.98,0.13,1,0
"1174",0,0.57,0.02,0.97,0
"1175",0.02,0.8,0.02,0,0
"1176",0.06,0.3,0.38,1,0
"1177",0.08,0.25,0.28,1,0
"1178",0,0.14,0.88,0,0
"1179",0.02,0.36,0.12,1,0
"1180",0.03,0.65,0.04,1,0
"1181",0.03,0.24,0.45,1,1
"1182",0.04,0.41,0.09,1,0
"1183",0.03,0.26,0.58,1,1
"1184",0.01,0.14,0.65,0,0
"1185",0.01,0.76,0.05,1,0
"1186",0.05,0.3,0.21,1,0
"1187",0.03,0.59,0.07,1,0
"1188",0.46,0.17,0.48,1,0
"1189",0.02,0.43,0.09,1,0
"1190",0,0.2,0.4,0,0
"1191",0,0.29,0.17,1,0
"1192",0.01,0.32,0.21,0,0
"1193",0,0.19,0.58,0,1
"1194",0.01,0.45,0.1,1,0
"1195",0.01,0.29,0.2,0,0
"1196",0.04,0.52,0.14,1,0
"1197",0.04,0.25,0.44,1,1
"1198",0.07,0.47,0.08,0.97,0
"1199",0,0.41,0.07,0.17,0
"1200",0.02,0.17,0.55,0,0
"1201",0.18,0.28,0.59,1,1
"1202",0.01,0.81,0.08,1,0
"1203",0.03,0.27,0.42,1,0
"1204",0.01,0.68,0.03,1,0
"1205",0.05,0.89,0.16,1,0
"1206",0.01,0.43,0.07,1,0
"1207",0.02,0.29,0.17,1,0
"1208",0,0.08,1,0,1
"1209",0.03,0.26,0.47,1,1
"1210",0.02,0.77,0.08,1,0
"1211",0.03,0.41,0.12,1,0
"1212",0.69,0.32,0.38,1,1
"1213",0,0.29,0.06,0,0
"1214",0.01,0.45,0.08,0.95,0
"1215",0,0.81,0.06,1,0
"1216",0.02,0.31,0.06,0,0
"1217",0.02,0.29,0.22,1,0
"1218",0.01,0.22,0.56,1,0
"1219",0.04,0.68,0.01,1,0
"1220",0.08,0.48,0.1,1,0
"1221",0.04,0.28,0.39,1,0
"1222",0.04,0.87,0.02,1,0
"1223",0,0.18,0.29,0,0
"1224",0.13,0.38,0.38,1,0
"1225",0.09,0.29,0.21,1,0
"1226",0.04,0.36,0.15,1,0
"1227",0.01,0.61,0.12,1,0
"1228",0.02,0.32,0.16,1,0
"1229",0.09,0.58,0.05,1,0
"1230",0.02,0.25,0.33,0,0
"1231",0.01,0.21,0.36,0,0
"1232",0,0.39,0.11,0,0
"1233",0,0.4,0.2,1,0
"1234",0.05,0.23,0.36,1,0
"1235",0,0.39,0.07,0.73,0
"1236",0,0.23,0.27,1,0
"1237",0.02,0.48,0.1,1,0
"1238",0.01,0.2,0.7,0,0
"1239",0.01,0.47,0.12,1,0
"1240",0.03,0.18,0.56,0,0
"1241",0.26,0.31,0.39,1,0
"1242",0.07,0.23,0.33,1,0
"1243",0,0.59,0.03,1,0
"1244",0.02,0.33,0.1,0,0
"1245",0.58,0.25,0.57,1,1
"1246",0.01,0.32,0.14,0,0
"1247",0.09,0.25,0.44,1,0
"1248",0.09,0.49,0.14,1,0
"1249",0.04,0.68,0.04,1,0
"1250",0.02,0.53,0.09,0.92,0
"1251",0.11,0.28,0.52,1,0
"1252",0.03,0.58,0.08,1,0
"1253",0.01,0.29,0.14,1,0
"1254",0.02,0.16,0.68,0,0
"1255",0.08,0.73,0.09,1,0
"1256",0.02,0.88,0.05,1,0
"1257",0,0.36,0.11,1,0
"1258",0.12,0.22,0.29,1,1
"1259",0.11,0.35,0.21,1,0
"1260",0,0.24,0.43,0,0
"1261",0,0.53,0.02,1,0
"1262",0,0.14,0.77,0,0
"1263",0.78,0.21,0.85,1,1
"1264",0.12,0.61,0.15,1,0
"1265",0.02,1,0.05,1,0
"1266",0.1,0.26,0.45,1,0
"1267",0.02,0.57,0.04,0.8,0
"1268",0.08,0.38,0.21,1,0
"1269",0.04,0.43,0.09,1,0
"1270",0.03,0.14,0.8,0,0
"1271",0.02,0.16,0.46,1,1
"1272",0.13,0.22,0.51,1,0
"1273",0.03,0.57,0.06,1,0
"1274",0.02,0.12,0.96,0,1
"1275",0,0.13,0.67,0,1
"1276",0.02,0.34,0.13,1,0
"1277",0,0.29,0.2,0,0
"1278",0.03,0.35,0.14,0.71,0
"1279",0.04,0.51,0.14,1,0
"1280",0.05,0.5,0.33,1,1
"1281",0,0.42,0.18,0,0
"1282",0.02,0.66,0.05,1,0
"1283",0.01,0.21,0.38,0,0
"1284",0.04,0.22,0.66,0,0
"1285",0.01,0.64,0.07,1,0
"1286",0.55,0.22,0.64,1,1
"1287",0.03,0.37,0.19,1,0
"1288",0.02,0.4,0.27,1,1
"1289",0,0.24,0.37,0,0
"1290",0,0.16,0.56,0,0
"1291",0.03,0.21,0.41,0,0
"1292",0,0.23,0.33,0,0
"1293",0.02,0.13,0.68,0,1
"1294",0.01,0.17,0.52,0,0
"1295",0.05,0.33,0.19,1,0
"1296",0.06,0.2,0.77,1,1
"1297",0,0.3,0.32,1,0
"1298",0.01,1,0.06,0.34,0
"1299",0.01,0.17,0.62,0,0
"1300",0.02,0.21,0.66,0,0
"1301",0.01,0.17,0.55,0,0
"1302",0.01,0.21,0.6,0,0
"1303",0,0.7,0.01,1,0
"1304",0.12,0.16,0.88,1,0
"1305",0.05,0.4,0.09,1,0
"1306",0,0.3,0.15,1,0
"1307",0.57,0.35,0.39,1,1
"1308",0.03,0.22,0.44,1,1
"1309",0.01,0.25,0.33,0,0
"1310",0.1,0.34,0.14,0.98,0
"1311",0.01,0.1,0.93,0,0
"1312",0.03,0.22,0.57,0,0
"1313",0,0.15,0.59,0,1
"1314",1,0.31,0.37,1,0
"1315",0,0.4,0.06,1,0
"1316",0.05,0.36,0.18,0.95,0
"1317",0,0.42,0.09,1,0
"1318",0.01,0.35,0.1,1,0
"1319",0.01,0.88,0.01,1,0
"1320",0,0.43,0.15,1,0
"1321",0.02,0.25,0.58,0,0
"1322",0.07,0.25,0.5,1,0
"1323",0,0.44,0.05,0.32,0
"1324",0,0.19,0.45,0,0
"1325",0.04,0.26,0.44,1,0
"1326",0.02,1,0.15,1,0
"1327",0.01,0.15,0.36,1,1
"1328",0.09,0.39,0.18,0.99,0
"1329",0,0.22,0.23,0.98,0
"1330",0.03,0.15,0.84,0,0
"1331",0.01,0.66,0.05,0.73,0
"1332",0.01,0.29,0.28,1,0
"1333",0.01,0.52,0.16,1,0
"1334",0.22,0.29,0.3,1,0
"1335",0.02,0.34,0.15,1,0
"1336",0,0.24,0.27,0,0
"1337",0.01,0.34,0.1,1,0
"1338",0.01,0.7,0.09,1,0
"1339",0.03,0.27,0.41,1,0
"1340",0.03,0.47,0.14,1,0
"1341",0.01,0.32,0.3,1,0
"1342",0.4,0.33,0.3,1,0
"1343",0.04,0.27,0.3,1,0
"1344",0.11,0.34,0.3,1,0
"1345",0.01,0.21,0.27,0,0
"1346",0.1,0.56,0.1,1,0
"1347",0,0.32,0.3,0,0
"1348",0,0.35,0.14,0.91,0
"1349",0.01,0.28,0.25,1,0
"1350",0.02,0.47,0.11,1,0
"1351",0.07,0.16,0.53,1,1
"1352",0,0.14,0.71,0,0
"1353",0.06,0.37,0.12,1,0
"1354",0.13,0.39,0.67,1,1
"1355",0,0.31,0.17,1,0
"1356",0,0.62,0.06,1,0
"1357",0.01,1,0.05,0.63,0
"1358",0.01,0.33,0.22,0,0
"1359",0,0.35,0.13,1,0
"1360",0.01,0.22,0.42,0,0
"1361",0.11,0.21,0.35,1,0
"1362",0,0.14,0.69,1,0
"1363",0.13,0.2,0.37,1,0
"1364",0,0.56,0.01,0.8,0
"1365",0.12,0.07,0.98,1,1
"1366",0.01,0.31,0.16,1,0
"1367",0,0.57,0.18,1,0
"1368",0.01,0.13,0.74,0,0
"1369",0,0.43,0.07,1,0
"1370",0.07,0.42,0.12,1,0
"1371",0,0.15,0.62,0,0
"1372",0.01,0.15,0.77,0,0
"1373",0.02,0.22,0.31,0,0
"1374",0.11,0.29,0.18,1,0
"1375",0,0.25,0.26,0,0
"1376",0.07,0.18,0.47,1,0
"1377",0.1,0.23,0.31,1,1
"1378",0.03,0.23,0.24,1,0
"1379",0.3,0.24,0.6,1,1
"1380",0,0.11,1,0,0
"1381",0.01,0.13,0.75,0,0
"1382",0,0.66,0.06,0.23,0
"1383",0,0.2,0.4,0,0
"1384",0.03,0.14,0.73,1,0
"1385",0.01,0.49,0.14,1,0
"1386",0.01,0.21,0.3,0,0
"1387",0,0.49,0.1,1,0
"1388",0.02,0.53,0.04,0.88,0
"1389",0.07,0.24,0.53,1,0
"1390",0.04,0.24,0.52,1,0
"1391",0.07,0.45,0.1,1,0
"1392",0,0.34,0.14,0,0
"1393",0.08,0.23,0.6,1,1
"1394",0.02,0.23,0.38,1,0
"1395",0.01,0.22,0.32,0,0
"1396",0.02,1,0.17,1,0
"1397",0.02,0.41,0.13,1,0
"1398",0.05,0.22,0.55,1,1
"1399",0.02,0.24,0.39,0,0
"1400",0,0.35,0.17,0.85,0
"1401",0.01,0.56,0.04,0.58,0
"1402",0.01,0.49,0.07,1,0
"1403",0.03,0.06,0.56,1,0
"1404",0.03,0.3,0.28,0,0
"1405",0.01,0.19,0.49,0,0
"1406",0,0.55,0,0.87,0
"1407",0.02,0.37,0.1,0,0
"1408",0.01,0.13,0.46,0,0
"1409",0.03,0.59,0.06,1,0
"1410",0.04,0.64,0.08,1,0
"1411",0.09,0.32,0.18,1,0
"1412",0.01,0.35,0.12,1,0
"1413",0,0.4,0.15,1,0
"1414",0.02,0.13,0.46,1,0
"1415",0.03,0.58,0.06,1,0
"1416",0.01,0.33,0.12,1,0
"1417",0.04,0.59,0.13,1,0
"1418",0,0.28,0.12,0,0
"1419",0.06,0.41,0.06,1,0
"1420",0.01,0.52,0.09,1,0
"1421",0.08,0.2,0.44,1,1
"1422",0.05,0.24,0.36,1,1
"1423",0,0.33,0.22,1,0
"1424",0.01,0.3,0.21,0,0
"1425",0.04,0.39,0.13,0,0
"1426",0.07,0.32,0.21,1,0
"1427",0.02,0.68,0.08,1,0
"1428",0,0.17,0.65,0,0
"1429",0.01,0.2,0.56,0,1
"1430",0.02,1,0.04,1,0
"1431",0.01,0.44,0.1,0.78,0
"1432",0,0.16,0.54,0,1
"1433",0.06,0.56,0.29,1,1
"1434",0,1,0.08,0.91,0
"1435",0.01,1,0.04,1,0
"1436",0.04,0.4,0.18,1,0
"1437",0.32,0.21,0.57,1,1
"1438",0.12,0.84,0.09,1,0
"1439",0.02,0.17,0.6,0,0
"1440",0.01,0.44,0.07,1,0
"1441",0,0.48,0.16,1,0
"1442",0.36,0.22,0.62,1,0
"1443",0.04,0.51,0.08,1,0
"1444",0.05,0.47,0.19,1,0
"1445",0.03,0.17,0.66,0,1
"1446",0.04,0.82,0.15,1,0
"1447",0.03,0.22,0.41,1,0
"1448",0.06,0.23,0.55,0,0
"1449",0.03,0.41,0.06,1,0
"1450",0.06,0.36,0.24,1,0
"1451",0.3,0.25,0.59,1,0
"1452",0.03,0.16,0.7,1,1
"1453",0,0.31,0.2,1,0
"1454",0.08,0.18,0.54,1,0
"1455",0,0.58,0.03,0.86,0
"1456",0.13,0.36,0.15,1,0
"1457",0.01,0.1,0.64,0,0
"1458",0.02,0.39,0.15,1,0
"1459",0.02,0.51,0.05,0.99,0
"1460",0.09,0.43,0.12,1,0
"1461",0.02,0.43,0.07,0.86,0
"1462",0.01,0.12,0.21,1,0
"1463",0.01,0.48,0.04,0,0
"1464",0.01,1,0.02,0.58,0
"1465",0.01,0.5,0.05,0.44,0
"1466",0.35,0.5,0.18,0.98,0
"1467",0.03,0.37,0.21,1,0
"1468",0.01,0.58,0.18,1,0
"1469",0.01,0.2,0.28,0,0
"1470",0.06,0.27,0.51,1,0
"1471",0,0.03,1,1,0
"1472",0.03,0.38,0.15,1,0
"1473",0,0.13,0.88,0,0
"1474",0,0.22,0.36,0,0
"1475",0.02,0.45,0.05,0.78,0
"1476",0,0.23,0.39,0,0
"1477",0.12,0.2,0.4,1,0
"1478",0.21,0.24,0.32,1,0
"1479",0.02,0.47,0.07,1,0
"1480",0.02,0.16,0.41,0,1
"1481",0.01,0.23,0.37,0,0
"1482",0.96,0.22,0.61,1,1
"1483",0.03,0.3,0.19,1,0
"1484",0,0.49,0.12,1,0
"1485",0,0.36,0.15,0,0
"1486",0.01,0.39,0.05,1,0
"1487",0.07,0.17,1,1,1
"1488",0.05,0.35,0.2,1,1
"1489",0.01,0.29,0.34,0,0
"1490",0.03,0.6,0.02,0.6,0
"1491",0,1,0.1,1,0
"1492",0.16,0.48,0.2,1,0
"1493",0.01,0.13,0.74,0,0
"1494",0.06,0.4,0.06,1,0
"1495",0.05,0.24,0.43,1,0
"1496",0,1,0.07,1,0
"1497",0,0.28,0.14,1,0
"1498",0,0.11,0.94,0,0
"1499",0.04,0.35,0.1,1,0
"1500",0.03,0.46,0.09,1,0
"1501",0.01,1,0.04,1,0
"1502",0.05,0.26,0.25,0,0
"1503",0.27,0.24,0.44,1,1
"1504",0,0.34,0.13,0,0
"1505",0.02,0.31,0.3,0,0
"1506",0.01,0.27,0.38,0,0
"1507",0,0.15,0.52,1,1
"1508",0.03,0.21,0.51,0,0
"1509",0.05,0.19,0.56,1,1
"1510",0.1,0.22,0.63,1,0
"1511",0.16,0.26,0.38,1,0
"1512",0.04,0.51,0.43,1,0
"1513",0.25,0.21,0.6,1,0
"1514",0.09,0.32,0.16,1,0
"1515",0.03,0.31,0.32,1,0
"1516",0,0.46,0.07,1,0
"1517",0,0.43,0.07,0,0
"1518",0,0.46,0.17,1,0
"1519",0.02,0.28,0.28,0,0
"1520",0,0.78,0.02,1,0
"1521",0,0.73,0.04,0.97,0
"1522",0.04,0.38,0.09,0.59,0
"1523",0.05,0.42,0.08,1,0
"1524",0.01,0.17,0.9,0,0
"1525",0.01,0.18,0.67,0,1
"1526",0.02,0.26,0.25,0,0
"1527",0.01,0.33,0.21,0,0
"1528",0.06,0.33,0.27,1,0
"1529",0.06,0.35,0.25,1,0
"1530",0.03,0.49,0.1,1,0
"1531",0.01,0.46,0.08,1,0
"1532",0.02,0.48,0.05,0.08,0
"1533",0.09,0.32,0.22,1,0
"1534",0.01,0.63,0.1,1,0
"1535",0.21,0.3,0.27,1,0
"1536",0.02,0.64,0.11,1,0
"1537",0.3,0.22,0.67,1,1
"1538",0,0.18,0.53,0,0
"1539",0.04,0.25,0.41,1,0
"1540",0.06,0.41,0.25,1,0
"1541",0.09,0.19,0.58,1,0
"1542",0.02,0.36,0.41,1,0
"1543",0.17,0.48,0.25,1,0
"1544",0,0.19,0.41,1,0
"1545",0.58,0.33,0.49,1,1
"1546",0.01,0.26,0.23,1,0
"1547",0.01,0.16,0.62,0,0
"1548",0.01,0.36,0.14,1,0
"1549",0.01,0.34,0.12,0.66,0
"1550",0,0.53,0.08,0.99,0
"1551",0.03,0.5,0.05,0.88,0
"1552",0.01,0.18,0.33,0,0
"1553",0.02,0.29,0.28,0.97,0
"1554",0.03,0.19,0.45,1,0
"1555",0,0.23,0.38,1,1
"1556",0.08,0.4,0.17,1,0
"1557",0.06,0.23,0.37,0,0
"1558",0.01,0.44,0.08,1,0
"1559",0.01,0.22,0.34,0,0
"1560",0.04,0.19,0.7,0,0
"1561",0.04,0.31,0.18,0,0
"1562",0,0.44,0.07,1,0
"1563",0.01,0.43,0.13,0.97,0
"1564",0.06,0.25,0.55,0.99,1
"1565",0,0.42,0.24,1,0
"1566",0.02,0.34,0.08,1,0
"1567",0.28,0.24,0.52,1,0
"1568",0.1,0.26,0.37,1,1
"1569",0.01,0.24,0.28,0,0
"1570",0.08,0.24,0.36,1,1
"1571",0.01,0.26,0.43,0,1
"1572",0.07,0.41,0.18,0.98,0
"1573",0.01,0.24,0.18,0,0
"1574",0,0.19,0.54,1,0
"1575",0.06,0.19,0.57,0,0
"1576",0.23,0.3,0.23,0.96,0
"1577",0.15,0.41,0.13,1,0
"1578",0.05,0.27,0.27,1,0
"1579",0,0.33,0.16,0,0
"1580",0.01,0.49,0.07,0.92,0
"1581",0,0.13,0.55,0,0
"1582",0,0.81,0.13,1,0
"1583",0.01,0.18,0.61,0,1
"1584",0.08,0.3,0.16,1,0
"1585",0.02,0.57,0.08,1,0
"1586",0.03,0.06,1,1,0
"1587",0.06,0.26,0.24,1,0
"1588",0.06,0.27,0.45,1,0
"1589",0,0.22,0.28,0,0
"1590",0.03,0.44,0.09,1,0
"1591",0.08,0.27,0.42,1,0
"1592",0.01,0.34,0.13,1,0
"1593",0.01,0.27,0.29,0,0
"1594",0,0.41,0.04,1,0
"1595",0.06,0.27,0.42,0.98,0
"1596",0.14,0.24,0.56,0.98,1
"1597",0.02,0.41,0.05,1,0
"1598",0.02,0.2,0.7,1,0
"1599",0.11,0.5,0.17,1,0
"1600",0.01,0.37,0.13,0.17,0
"1601",0.01,0.23,0.17,0,0
"1602",0.01,0.07,1,0,1
"1603",0.13,0.33,0.25,0.99,0
"1604",0.07,0.32,0.18,1,0
"1605",0.02,0.23,0.35,0,0
"1606",0,0.31,0.25,0,0
"1607",0,0.28,0.14,1,0
"1608",0.04,0.13,0.36,1,1
"1609",0.02,0.16,0.46,0,0
"1610",0.01,0.33,0.12,1,0
"1611",0.02,0.25,0.45,0,1
"1612",0.01,0.34,0.08,1,0
"1613",0.06,0.14,0.46,1,1
"1614",0.02,0.22,0.1,1,0
"1615",0.03,0.7,0.06,0.84,0
"1616",0,1,0.03,1,0
"1617",0.01,0.49,0.07,1,0
"1618",0.03,0.33,0.27,0,0
"1619",0.01,0.77,0.02,1,0
"1620",0.05,0.2,0.37,1,0
"1621",0.01,0.18,0.57,0,0
"1622",0.03,0.36,0.12,1,0
"1623",0.01,0.75,0.01,1,0
"1624",0.03,0.23,0.3,1,1
"1625",0,0.27,0.22,1,0
"1626",0.74,0.36,0.45,1,0
"1627",0.11,0.33,0.33,1,0
"1628",0.02,0.74,0.05,0.79,0
"1629",0.01,0.21,0.3,0,0
"1630",0,0.17,0.56,0.93,0
"1631",0,0.2,0.29,1,0
"1632",0.02,0.91,0.05,1,0
"1633",0.45,0.29,0.24,1,0
"1634",0.51,0.18,0.68,1,1
"1635",0.02,0.55,0.04,0.79,0
"1636",0.01,0.41,0.06,0.82,0
"1637",0.05,0.19,0.54,1,1
"1638",0.05,0.43,0.17,1,0
"1639",0,0.6,0.21,1,0
"1640",0,0.3,0.18,1,0
"1641",0.21,0.27,0.45,1,1
"1642",0.05,0.23,0.44,0.99,0
"1643",0.01,0.96,0.03,1,0
"1644",0.11,0.44,0.16,1,0
"1645",0.02,0.2,0.34,0,0
"1646",0.05,0.3,0.51,1,0
"1647",0.01,0.38,0.1,0.97,0
"1648",0.03,0.25,0.55,0,0
"1649",0.01,0.35,0.23,1,0
"1650",0.01,0.33,0.2,1,0
"1651",0.04,0.44,0.07,1,0
"1652",0.01,0.27,0.25,0,0
"1653",0.01,0.34,0.07,0.61,0
"1654",0,0.24,0.23,1,0
"1655",0,0.38,0.15,1,0
"1656",0.08,0.2,0.4,0,0
"1657",0.01,0.76,0.04,1,0
"1658",0.02,0.28,0.17,0.99,0
"1659",0.02,0.29,0.12,1,0
"1660",0.04,0.69,0.03,1,0
"1661",0.03,0.58,0.06,0.86,0
"1662",0.04,0.45,0.31,1,1
"1663",0.01,0.07,1,0,0
"1664",0.05,0.42,0.17,0.83,1
"1665",0.01,0.23,0.49,0,0
"1666",0,0.13,0.75,0,0
"1667",0,0.36,0.18,1,0
"1668",0,0.86,0.05,1,0
"1669",0.06,0.48,0.07,1,0
"1670",0.1,0.13,0.41,1,0
"1671",0.06,0.34,0.26,1,0
"1672",0.01,0.18,0.61,0,0
"1673",0.03,0.28,0.13,0.9,0
"1674",0.02,0.28,0.24,0,0
"1675",0.02,0.14,0.27,0,0
"1676",0.01,0.42,0.05,1,0
"1677",0,0.35,0.2,1,0
"1678",0.02,0.16,0.67,1,1
"1679",0,0.14,0.78,0,0
"1680",0.01,1,0.09,1,0
"1681",0.03,0.29,0.13,1,0
"1682",0,0.41,0.16,0,0
"1683",0,0.12,1,0,0
"1684",0.07,0.47,0.09,1,0
"1685",0.04,0.13,0.68,1,1
"1686",0.04,0.26,0.21,1,0
"1687",0.14,0.25,0.41,1,1
"1688",0.01,0.67,0.03,0,0
"1689",0.02,0.52,0.06,1,0
"1690",0,0.24,0.29,1,0
"1691",0,0.1,0.74,0,0
"1692",0.01,0.1,0.81,0,0
"1693",0,0.17,0.67,0,0
"1694",0,0.47,0.08,1,0
"1695",0.04,0.52,0.05,1,0
"1696",0.4,0.38,0.21,1,0
"1697",0.01,0.54,0.08,0.79,0
"1698",0.02,0.31,0.17,0,0
"1699",0.22,0.5,0.45,1,1
"1700",0.03,0.31,0.33,0,0
"1701",0.02,0.31,0.46,0,1
"1702",0.01,0.36,0.14,1,0
"1703",0.12,0.48,0.11,1,0
"1704",0.02,0.2,0.6,0,1
"1705",0.06,0.4,0.06,0.97,0
"1706",0,0.54,0.02,1,0
"1707",0.01,0.24,0.28,0,0
"1708",0.07,0.23,0.45,0.75,0
"1709",0.01,0.54,0.1,0.19,0
"1710",0.03,0.38,0.13,1,0
"1711",0.18,0.06,1,1,0
"1712",0.2,0.38,0.3,1,0
"1713",0.04,0.92,0.15,1,0
"1714",0,0.7,0.04,1,0
"1715",0.03,0.68,0.11,1,0
"1716",0.01,0.23,0.17,1,0
"1717",0.62,0.35,0.14,0.99,0
"1718",0.01,0.27,0.38,0,0
"1719",0,0.22,0.49,0,0
"1720",0.01,0.27,0.27,0,0
"1721",0.05,0.25,0.3,1,0
"1722",0.43,0.28,0.51,1,1
"1723",0.02,0.35,0.24,1,0
"1724",0.03,0.43,0.08,1,0
"1725",0.14,0.47,0.23,1,0
"1726",0.01,0.29,0.08,0.7,0
"1727",0.01,0.13,0.74,0,0
"1728",0.08,0.25,0.45,1,0
"1729",0.06,0.27,0.42,0,0
"1730",0,0.18,0.49,0,0
"1731",0.01,0.29,0.25,0,0
"1732",0,0.29,0.21,1,0
"1733",0.01,0.23,0.59,0,0
"1734",0,0.22,0.35,0,0
"1735",0.02,0.49,0.08,0,0
"1736",0,0.34,0.15,0,0
"1737",0.03,0.54,0.11,1,0
"1738",0,0.36,0.16,0.91,0
"1739",0.01,0.36,0.15,1,0
"1740",0.1,0.35,0.16,1,0
"1741",0.02,0.61,0.05,0,0
"1742",0.01,0.43,0.15,0,0
"1743",0.27,0.44,0.37,1,0
"1744",0,0.34,0.12,0,0
"1745",0.1,0.29,0.36,1,0
"1746",0.01,0.37,0.06,1,0
"1747",0,1,0.08,1,0
"1748",0.14,0.33,0.25,0.99,1
"1749",0,0.37,0.09,0.53,0
"1750",0.05,0.26,0.52,1,1
"1751",0.01,0.16,0.54,0,0
"1752",0.26,0.26,0.37,1,0
"1753",0.02,0.7,0.07,1,0
"1754",0.08,0.28,0.33,1,1
"1755",0.02,0.33,0.3,1,1
"1756",0,0.26,0.18,0,0
"1757",0.01,0.52,0.25,1,0
"1758",0,0.42,0.09,0,0
"1759",0,0.26,0.19,0.73,0
"1760",0.12,0.32,0.42,1,1
"1761",0.01,0.58,0.04,0.92,0
"1762",0.01,0.33,0.19,0,0
"1763",0,0.3,0.09,0.96,0
"1764",0.02,0.42,0.08,1,0
"1765",0.05,0.21,0.45,1,0
"1766",0.03,0.47,0.13,0.97,0
"1767",0.03,0.88,0.05,1,0
"1768",0.15,0.47,0.46,1,1
"1769",0.01,0.12,0.2,1,0
"1770",0.02,0.33,0.2,0,0
"1771",0.04,0.01,1,1,0
"1772",0,0.25,0.22,0,0
"1773",0.01,0.22,0.46,0,0
"1774",0.06,0.28,0.4,1,1
"1775",0,0.14,0.78,0,0
"1776",0.01,0.22,0.52,0,1
"1777",0,0.38,0.03,1,0
"1778",0.4,0.22,0.51,1,0
"1779",0.14,0.22,0.24,1,0
"1780",0.01,0.27,0.45,1,0
"1781",0.09,0.39,0.08,1,0
"1782",0,0.11,0.91,0,0
"1783",0.05,0.45,0.07,0.86,0
"1784",0.02,0.15,0.81,0,1
"1785",0.04,0.47,0.08,1,0
"1786",0.03,0.39,0.1,0.83,0
"1787",0.03,0.59,0.06,1,0
"1788",0,0.17,0.45,1,0
"1789",0.03,0.29,0.3,1,0
"1790",0.2,0.5,0.39,1,1
"1791",0.1,0.28,0.33,1,1
"1792",0.03,0.37,0.05,1,0
"1793",0,0.3,0.36,1,1
"1794",0.04,0.52,0.05,1,0
"1795",0.07,0.71,0.03,1,0
"1796",0.12,0.64,0.13,1,0
"1797",0,0.26,0.26,1,0
"1798",0.01,0.34,0.17,0,0
"1799",0.01,0.66,0.07,1,0
"1800",0.05,0.18,0.86,1,0
"1801",0.01,0.21,0.41,0,0
"1802",0.08,0.33,0.47,1,1
"1803",0,0.34,0.19,0.87,0
"1804",0.02,0.18,0.75,0,0
"1805",0,0.46,0.12,0,0
"1806",0.03,0.24,0.25,0,0
"1807",0.03,0.3,0.24,1,0
"1808",0.01,0.39,0.09,0.43,0
"1809",0.05,0.42,0.33,1,0
"1810",0,0.22,0.36,0,0
"1811",0.05,0.21,0.58,1,1
"1812",0.04,0.23,0.4,1,1
"1813",0.02,0.36,0.15,1,0
"1814",0.02,0.17,0.57,0,0
"1815",0.01,0.15,0.69,0,0
"1816",0.03,0.16,0.7,1,1
"1817",0.01,1,0.03,1,0
"1818",0.07,0.24,0.59,1,1
"1819",0,0.49,0.04,0.79,0
"1820",0.05,0.3,0.24,0,0
"1821",0.01,0.4,0.18,1,0
"1822",0.02,0.57,0.12,1,0
"1823",0.06,0.13,0.85,0,0
"1824",0,0.18,0.48,0,0
"1825",0.02,0.88,0.07,1,0
"1826",0.21,0.23,0.47,1,0
"1827",0,0.49,0.04,1,0
"1828",0.05,0.58,0.07,1,0
"1829",0.16,0.69,0.16,1,0
"1830",0.02,0.12,0.46,1,0
"1831",0,0.18,0.42,0,0
"1832",0.01,0.19,0.54,0,1
"1833",0,0.6,0.02,1,0
"1834",0,0.21,0.19,1,0
"1835",0,0.42,0.12,0.73,0
"1836",0.21,0.18,0.49,1,1
"1837",0.01,0.13,0.7,1,1
"1838",0.01,0.23,0.31,0,0
"1839",0.7,0.29,0.42,0.99,1
"1840",0.06,0.39,0.13,1,0
"1841",0.08,0.24,0.47,1,0
"1842",0.05,0.21,0.54,1,0
"1843",0.01,0.21,0.69,0,0
"1844",0.07,0.21,0.42,1,0
"1845",0.05,0.66,0.04,1,0
"1846",0.02,0.33,0.12,0.96,0
"1847",0.01,0.42,0.11,1,0
"1848",0.43,0.14,0.7,1,1
"1849",0,0.34,0.19,1,0
"1850",0.05,0.18,0.54,1,1
"1851",0.01,0.3,0.26,1,0
"1852",0.02,1,0.15,1,0
"1853",0.02,0.31,0.29,0,0
"1854",0.06,0.23,0.38,1,0
"1855",0,0.53,0.19,1,0
"1856",0.04,0.21,0.5,1,0
"1857",0.01,0.21,0.43,0,0
"1858",0.03,0.18,0.82,0,0
"1859",0.04,0.24,0.47,0,0
"1860",0.12,0.23,0.42,1,0
"1861",0.03,0.27,0.34,0,0
"1862",0.07,0.31,0.2,1,0
"1863",0.01,0.22,0.49,0,0
"1864",0.01,0.19,0.35,0,0
"1865",0.01,0.67,0.05,0,0
"1866",0.25,0.3,0.41,1,1
"1867",0,0.23,0.39,0,0
"1868",0,0.17,0.27,0,0
"1869",0.07,0.33,0.18,1,0
"1870",0.02,0.26,0.25,1,0
"1871",0.02,0.14,0.73,0,0
"1872",0.01,0.38,0.07,1,0
"1873",0.11,0.31,0.57,1,1
"1874",0.02,0.32,0.12,1,0
"1875",0.01,0.35,0.19,0,0
"1876",0.07,0.38,0.2,1,0
"1877",0.1,0.32,0.15,1,0
"1878",0.05,0.24,0.36,1,0
"1879",0.1,0.15,0.73,1,1
"1880",0.01,0.19,1,0,0
"1881",0.04,0.38,0.14,1,0
"1882",0,0.48,0.07,1,0
"1883",0.01,0.45,0.11,0.81,0
"1884",0.02,0.53,0.13,1,0
"1885",0.05,0.56,0.16,1,0
"1886",0.04,0.51,0.04,0.91,0
"1887",0.02,0.25,0.25,1,0
"1888",0.05,0.22,0.39,1,0
"1889",0.02,0.22,0.37,0,0
"1890",0.01,0.2,0.51,0,0
"1891",0,0.24,0.23,0,0
"1892",0.21,0.36,0.35,1,0
"1893",0.12,0.42,0.17,1,0
"1894",0.03,0.18,0.44,1,0
"1895",0.03,0.4,0.1,1,0
"1896",0.01,0.31,0.22,0.74,0
"1897",0.01,0.47,0.07,1,0
"1898",0.04,0.57,0.05,1,0
"1899",0,0.32,0.22,0,0
"1900",0,0.19,0.07,1,0
"1901",0.02,0.25,0.29,1,1
"1902",0.01,0.25,0.21,1,0
"1903",0,0.3,0.16,0,0
"1904",0.04,0.37,0.22,1,0
"1905",0.05,0.51,0.08,1,0
"1906",0.06,0.44,0.14,1,0
"1907",0.01,0.44,0.19,1,0
"1908",0.42,0.22,0.6,1,0
"1909",0.04,0.28,0.39,1,0
"1910",0,0.24,0.24,1,0
"1911",0.2,0.19,0.49,1,1
"1912",0.02,0.52,0.09,1,0
"1913",0,0.24,0.39,0,0
"1914",0.03,0.38,0.18,0,0
"1915",0,0.3,0.26,1,1
"1916",0.01,0.49,0.05,1,0
"1917",0.02,0.1,0.56,1,1
"1918",0,0.31,0.21,0,0
"1919",0.01,0.14,0.63,0,0
"1920",0.01,0.29,0.3,1,0
"1921",0.01,0.11,0.57,1,0
"1922",0.02,0.25,0.24,1,0
"1923",0.12,0.47,0.33,1,0
"1924",0.07,0.53,0.08,1,0
"1925",0.15,0.64,0.1,1,0
"1926",0.03,0.16,0.62,0,0
"1927",0.01,0.27,0.15,1,0
"1928",0.02,0.5,0.06,0.85,0
"1929",0.02,0.31,0.16,1,0
"1930",0.01,0.37,0.1,1,0
"1931",0.01,0.67,0.02,0,0
"1932",0.03,0.34,0.18,1,0
"1933",0,0.91,0,0.35,0
"1934",0.01,0.48,0.03,1,0
"1935",0,0.31,0.08,1,0
"1936",0.01,0.3,0.19,0,0
"1937",0.04,0.3,0.11,0.89,0
"1938",0,0.24,0.28,0,0
"1939",0.03,0.21,0.35,0,0
"1940",0.02,0.17,0.53,0,0
"1941",0.08,0.37,0.49,1,1
"1942",0.07,0.45,0.17,1,0
"1943",0.01,0.23,0.28,0,0
"1944",0.01,0.16,0.44,1,0
"1945",0.06,0.56,0.1,1,0
"1946",0.01,0.32,0.22,1,0
"1947",0.11,0.36,0.29,1,0
"1948",0.01,0.26,0.46,0,0
"1949",0,0.84,0.03,0.19,0
"1950",0.26,0.26,0.3,1,0
"1951",0,0.31,0.11,0.67,0
"1952",0.16,0.55,0.08,1,0
"1953",0.07,0.51,0.1,1,0
"1954",0.01,0.17,0.5,0,0
"1955",1,0.39,0.35,1,0
"1956",0.02,0.42,0.05,1,0
"1957",0.03,0.28,0.31,1,0
"1958",0.27,0.35,0.38,1,1
"1959",0.03,0.18,0.3,1,0
"1960",0.02,0.16,0.23,1,0
"1961",0.01,0.22,0.38,0,0
"1962",0.07,0.45,0.21,1,0
"1963",0.08,0.24,0.44,1,0
"1964",0.03,0.34,0.38,1,0
"1965",0.09,0.37,0.3,1,1
"1966",1,0.32,0.32,1,1
"1967",0.09,0.52,0.21,1,0
"1968",0.01,0.58,0.01,0.51,0
"1969",0,0.48,0.25,1,0
"1970",1,0.5,0.33,1,1
"1971",0,0.3,0.24,1,1
"1972",0.06,0.32,0.33,1,0
"1973",0.08,0.44,0.23,1,0
"1974",0,0.37,0.07,1,0
"1975",0,0.24,0.35,0,1
"1976",0.05,0.55,0.14,1,0
"1977",0.06,0.56,0.11,1,0
"1978",0.01,0.28,0.36,1,0
"1979",0.01,0.53,0.05,0.85,0
"1980",0.02,0.42,0.16,1,0
"1981",0.06,0.29,0.21,1,0
"1982",0.07,0.49,0.1,0.96,0
"1983",0,0.57,0.11,0.96,0
"1984",0.01,0.23,0.31,1,1
"1985",0.01,0.38,0.08,1,0
"1986",0.01,0.22,0.45,0,0
"1987",0.05,0.51,0.06,0.88,0
"1988",0.01,0.28,0.13,0.02,0
"1989",0.02,0.17,0.76,0,0
"1990",0.01,0.49,0.16,1,0
"1991",0.05,0.18,0.32,1,0
"1992",0.16,0.31,0.31,1,0
"1993",0.08,0.4,0.16,1,0
"1994",0.2,0.24,0.35,1,0
